code	a3	name	lat0	lon0	min_x_km	min_y_km	max_x_km	max_y_km	fit_km_per_pt	initial_km_per_pt	level	subdivisions	override	alias	insets	parts	groups	frame_parts	dropped_groups
AD	AND	Andorra	42.5390195720	1.5857735595	-14.693821	-12.266601	14.685789	12.270374	0.102013	1.500000	0	0	0	0	0	1	1	1	0
AE	ARE	United Arab Emirates	24.3478689575	53.9764917325	-244.005800	-191.555269	242.571423	193.746221	1.689504	1.689504	0	0	0	0	0	10	1	10	0
AF	AFG	Afghanistan	33.9301393640	67.6895422770	-665.378489	-499.133890	637.104400	509.799283	4.522510	4.522510	1	0	0	0	0	1	1	1	0
AG	ATG	Antigua and Barb.	17.3298287470	-62.0079261322	-36.202836	-44.208253	36.174549	44.247893	0.340216	1.500000	0	0	0	0	0	3	1	3	0
AI	AIA	Anguilla	18.3851789410	-63.1772524284	-26.512066	-24.027339	26.560154	24.045956	0.184897	1.500000	0	0	0	0	0	6	1	6	0
AL	ALB	Albania	41.1459133915	20.1543559160	-73.207880	-167.776950	74.446846	167.875362	1.290970	1.500000	0	0	0	0	0	1	1	1	0
AM	ARM	Armenia	40.0770768235	45.0194531660	-132.686299	-134.316322	136.384950	134.918974	1.035520	1.500000	0	0	0	0	0	2	1	2	0
AO	AGO	Angola	-11.2113042195	17.8655542290	-660.755500	-759.701680	675.006914	753.741822	5.820937	5.820937	1	0	0	0	0	3	1	3	0
AQ	ATA	Antarctica	-90.0000000000	0.0000000000	-2647.493547	-2497.953502	2680.164319	2209.499904	18.498812	18.498812	3	1	0	0	0	179	3	176	1
AR	ARG	Argentina	-38.4194768235	-63.6171457525	-713.958554	-1846.120365	996.033280	1839.481933	14.175393	14.175393	3	1	0	0	0	8	1	8	0
AS	ASM	American Samoa	-14.3508846985	-169.4958593415	-143.871453	-20.654037	143.741556	20.232125	0.998656	1.500000	0	0	0	0	0	5	2	4	1
AT	AUT	Austria	47.6942087810	13.3347463375	-287.639923	-145.565316	283.578882	147.599675	1.983399	1.983399	0	0	0	0	0	1	1	1	0
AU	AUS	Australia	-26.4407284485	133.2750350270	-2025.630996	-1972.565245	2009.154470	1876.252275	14.803144	14.803144	3	1	0	0	0	99	6	93	5
AW	ABW	Aruba	12.5249087585	-69.9696142245	-10.071797	-11.923056	10.076451	11.925707	0.091726	1.500000	0	0	0	0	0	1	1	1	0
AX	ALD	Åland	60.1926333680	20.3049422535	-43.773311	-31.884819	43.400085	32.292872	0.302685	1.500000	0	0	0	0	0	16	1	16	0
AZ	AZE	Azerbaijan	40.1415431725	47.7001507940	-250.225334	-194.014429	248.006201	195.218408	1.729971	1.729971	0	0	0	0	0	6	1	6	0
BA	BIH	Bosnia and Herz.	43.9218679815	17.6674792885	-153.944995	-151.224945	155.974772	151.780173	1.165404	1.500000	0	0	0	0	0	1	1	1	0
BB	BRB	Barbados	13.1978620465	-59.5405574210	-12.298346	-16.310952	12.305142	16.312086	0.125473	1.500000	0	0	0	0	0	1	1	1	0
BD	BGD	Bangladesh	23.6811294590	90.3323203945	-233.499866	-325.739815	239.400674	328.505977	2.516330	2.516330	0	0	0	0	0	22	1	22	0
BE	BEL	Belgium	50.4957302860	4.4481625573	-134.531227	-110.736422	136.763050	111.296780	0.941994	1.500000	0	0	0	0	0	1	1	1	0
BF	BFA	Burkina Faso	12.2358950805	-1.5662045905	-432.624471	-315.933268	430.385267	316.460973	2.996562	2.996562	0	0	0	0	0	1	1	1	0
BG	BGR	Bulgaria	42.7332693430	25.4742747360	-257.231007	-166.228153	252.170642	169.929689	1.768756	1.768756	0	0	0	0	0	1	1	1	0
BH	BHR	Bahrain	25.9336648601	50.6002023393	-21.928333	-39.328517	22.014169	39.338254	0.302565	1.500000	0	0	0	0	0	7	1	7	0
BI	BDI	Burundi	-3.3832032270	29.9104270830	-102.570467	-120.106477	102.535464	120.092991	0.923844	1.500000	0	0	0	0	0	1	1	1	0
BJ	BEN	Benin	9.3065691150	2.2986499425	-168.291987	-343.782405	168.188953	343.897840	2.644924	2.644924	0	0	0	0	0	1	1	1	0
BL	BLM	St-Barthélemy	17.9055646830	-62.8294978510	-4.003678	-2.621945	4.003789	2.622351	0.027804	1.500000	0	0	0	0	0	1	1	1	0
BM	BMU	Bermuda	32.3183676633	-64.7668123473	-11.203906	-7.813948	11.193312	7.819538	0.077768	1.500000	0	0	0	0	0	2	1	2	0
BN	BRN	Brunei	4.5369386830	114.6797654590	-75.476643	-57.849679	75.504699	57.862659	0.524241	1.500000	0	0	0	0	0	2	1	2	0
BO	BOL	Bolivia	-16.2885395300	-63.5660765185	-656.640668	-738.977924	644.041143	733.596720	5.663749	5.663749	1	0	0	0	0	1	1	1	0
BQ	NLY	Caribbean Netherlands	12.1661237650	-68.3037003250	-12.353398	-16.020640	12.355835	16.022894	0.123244	1.500000	0	0	0	1	0	3	2	1	1
BR	BRA	Brazil	-14.2375277710	-54.4060419350	-2153.916182	-2158.641390	2156.153426	2152.996177	16.583221	16.583221	3	1	0	0	0	44	4	40	3
BS	BHS	Bahamas	23.9204055430	-76.1702571280	-348.889710	-332.162008	352.144592	335.478623	2.567849	2.567849	0	0	0	0	0	44	1	44	0
BT	BTN	Bhutan	27.5272741624	90.4094216305	-166.150203	-92.274933	165.986635	92.429582	1.153253	1.500000	0	0	0	0	0	1	1	1	0
BW	BWA	Botswana	-22.3368008420	24.6642098385	-482.912014	-511.808430	482.273824	506.279135	3.915721	3.915721	1	0	0	0	0	1	1	1	0
BY	BLR	Belarus	53.6959871425	27.9425885415	-324.654441	-270.333062	316.776943	273.622292	2.227192	2.227192	0	0	0	0	0	1	1	1	0
BZ	BLZ	Belize	17.1852053840	-88.5097913250	-77.722805	-145.115030	77.062292	145.170519	1.116483	1.500000	0	0	0	0	0	10	1	10	0
CA	CAN	Canada	62.3928040600	-96.8110855785	-2272.533767	-2167.748732	3122.802543	2384.060674	18.733807	18.733807	3	1	0	0	0	412	1	412	0
CC	CCK	Cocos Is.	-12.1632626280	96.8713078135	-5.410035	-4.081324	5.409081	4.080765	0.037566	1.500000	0	0	0	1	0	2	1	2	0
CD	COD	Dem. Rep. Congo	-4.0415351355	21.7454940150	-1053.755407	-1052.730670	1059.816008	1045.514069	8.070172	8.070172	2	1	0	0	0	2	1	2	0
CF	CAF	Central African Rep.	6.6186410525	20.9142836910	-721.349132	-485.079641	722.594553	487.485474	5.013693	5.013693	1	0	0	0	0	1	1	1	0
CG	COG	Congo	-0.6556773870	14.8782115821	-417.667978	-485.375524	418.032571	485.181854	3.732913	3.732913	1	0	0	0	0	1	1	1	0
CH	CHE	Switzerland	46.8109422815	8.2107180175	-173.595075	-109.798813	172.337796	110.164237	1.201156	1.500000	0	0	0	0	0	1	1	1	0
CI	CIV	Côte d'Ivoire	7.5352698805	-5.5625239665	-337.626319	-354.393189	336.315333	354.867186	2.727925	2.727925	0	0	0	0	0	2	1	2	0
CK	COK	Cook Is.	-20.3839250630	-158.5795385410	-131.290814	-173.035567	132.224518	172.452840	1.328802	1.500000	0	0	0	0	0	13	4	9	3
CL	CHL	Chile	-36.7125462105	-71.0661108060	-355.420455	-2130.987649	417.591716	2124.418614	16.366947	16.366947	3	1	0	0	0	163	5	161	2
CM	CMR	Cameroon	7.3678459680	12.3563898075	-426.945083	-633.640756	428.276250	635.642402	4.881858	4.881858	1	0	0	0	0	1	1	1	0
CN	CHN	China	34.6724105870	104.1874178470	-2582.658422	-2068.467360	2239.544980	2231.317442	16.743762	16.743762	3	1	0	0	0	70	1	70	0
CO	COL	Colombia	4.1159223460	-72.9482860675	-674.875946	-927.618826	675.055999	928.090646	7.137344	7.137344	2	0	0	0	0	11	3	8	1
CR	CRI	Costa Rica	9.6223425260	-84.2546390420	-184.735576	-176.243306	185.511816	176.825805	1.357958	1.500000	0	0	0	0	0	4	2	3	1
CU	CUB	Cuba	21.5466983095	-79.5412491525	-557.786319	-189.998725	564.126944	191.750738	3.895532	3.895532	1	0	0	0	0	41	1	41	0
CV	CPV	Cabo Verde	16.0002709005	-24.0134985020	-143.186657	-132.900164	143.899273	133.332153	1.023970	1.500000	0	0	0	0	0	11	1	11	0
CW	CUW	Curaçao	12.2164167340	-68.9557388990	-23.460120	-19.463894	23.489024	19.477577	0.163018	1.500000	0	0	0	0	0	1	1	1	0
CX	CXR	Christmas I.	-10.4984270160	105.6482446620	-7.264735	-7.515419	7.266321	7.514716	0.057808	1.500000	0	0	0	1	0	1	1	1	0
CY	CYP	Cyprus	34.9060507800	33.1854354180	-83.148830	-31.226598	83.258310	31.374863	0.577803	1.500000	0	0	0	0	0	4	1	4	0
CZ	CZE	Czechia	49.7989640305	15.4567873535	-240.072200	-137.359957	243.903868	138.601418	1.680472	1.680472	0	0	0	0	0	1	1	1	0
DE	DEU	Germany	51.1682276440	10.4372746175	-320.294473	-433.216509	318.950663	435.049488	3.339485	3.339485	1	0	0	0	0	22	1	22	0
DJ	DJI	Djibouti	11.8188687165	42.5839109665	-90.949308	-98.776253	90.765753	98.912544	0.760342	1.500000	0	0	0	0	0	1	1	1	0
DK	DNK	Denmark	56.1598778340	11.6226912770	-221.784580	-176.888149	224.208820	177.393137	1.548588	1.548588	0	0	0	0	0	15	1	15	0
DM	DMA	Dominica	15.4178327490	-61.3690893220	-12.837932	-24.020750	12.846276	24.023247	0.184785	1.500000	0	0	0	0	0	1	1	1	0
DO	DOM	Dominican Rep.	18.7416242530	-70.1692201370	-193.968040	-132.456472	193.947819	133.199977	1.346930	1.500000	0	0	0	0	0	3	1	3	0
DZ	DZA	Algeria	28.0347503690	1.6432377520	-1018.153385	-1005.144521	1051.372247	1018.034463	7.781458	7.781458	2	0	0	0	0	1	1	1	0
EC	ECU	Ecuador	-1.7885301685	-78.1201370890	-321.410642	-358.355883	321.601087	358.308532	2.756402	2.756402	0	0	0	0	1	16	2	4	0
EE	EST	Estonia	58.5933515450	25.0094214240	-184.928344	-118.829733	179.893790	120.011517	1.266744	1.500000	0	0	0	0	0	8	1	8	0
EG	EGY	Egypt	26.8254247060	30.7937616335	-599.423429	-537.018587	629.425655	549.406915	4.266837	4.266837	1	0	0	0	0	8	1	8	0
EH	SAH	W. Sahara	24.2141891510	-12.8927267085	-437.683889	-377.021718	420.803892	389.720844	2.980860	2.980860	0	0	0	0	0	1	1	1	0
ER	ERI	Eritrea	15.1824250315	39.7737591925	-359.572742	-311.805648	363.403638	314.152802	2.510335	2.510335	0	0	0	0	0	3	1	3	0
ES	ESP	Spain	39.4824899610	-2.4774470695	-554.371519	-478.439318	580.833119	491.607349	3.941683	3.941683	1	0	0	0	1	23	2	15	0
ET	ETH	Ethiopia	9.1414328005	40.4844844970	-824.847992	-637.656684	824.682130	638.941004	5.727535	5.727535	1	0	0	0	0	1	1	1	0
FI	FIN	Finland	64.9432675205	26.0963446450	-266.711352	-566.008958	276.867546	571.416856	4.374715	4.374715	1	0	0	0	0	42	1	42	0
FJ	FJI	Fiji	-18.3965389954	179.4388940765	-249.017281	-253.992214	245.627593	252.871355	1.949475	1.949475	0	0	0	0	0	41	3	39	2
FK	FLK	Falkland Is.	-51.7171436535	-59.5262345045	-123.403460	-76.668476	123.516739	75.442316	0.857362	1.500000	0	0	0	0	0	15	1	15	0
FM	FSM	Micronesia	6.3764102235	157.7485457695	-65.281943	-66.963018	65.144174	67.019522	0.515317	1.500000	0	0	0	0	0	20	6	3	5
FO	FRO	Faeroe Is.	61.8965111350	-6.9599706695	-35.590232	-55.831657	35.360504	55.933475	0.429866	1.500000	0	0	0	0	0	11	1	11	0
FR	FRA	France	46.2267265304	2.2133895190	-540.841890	-515.125582	605.008344	540.379183	4.059634	4.059634	1	0	0	0	3	22	6	10	2
GA	GAB	Gabon	-0.8071805869	11.5972788865	-322.605170	-347.967455	322.602302	347.961178	2.676649	2.676649	0	0	0	0	0	3	1	3	0
GB	GBR	United Kingdom	55.3787499040	-3.4249161450	-307.345973	-603.732869	351.597290	610.591512	4.670478	4.670478	1	0	0	0	0	57	2	57	0
GD	GRD	Grenada	12.2662824565	-61.6060684885	-20.060963	-29.292513	20.022569	29.300509	0.225358	1.500000	0	0	0	0	0	2	1	2	0
GE	GEO	Georgia	42.3099767050	43.3403897282	-270.976940	-135.944131	280.265096	145.557730	1.914035	1.914035	0	0	0	0	0	1	1	1	0
GF	GUF	French Guiana	3.9277193475	-53.1321646770	-164.791975	-201.978979	164.479194	202.085501	1.554094	1.554094	0	0	0	1	0	1	1	1	0
GG	GGY	Guernsey	49.5714785825	-2.4218847320	-18.191632	-17.780306	18.083955	17.810674	0.136888	1.500000	0	0	0	0	0	4	1	4	0
GH	GHA	Ghana	7.9500326570	-1.0372704670	-245.787652	-357.078753	246.032830	357.290726	2.747575	2.747575	0	0	0	0	0	1	1	1	0
GI	GIB	Gibraltar	36.1258100325	-5.3485801209	-0.880611	-1.702336	0.880611	1.702401	0.013095	1.500000	0	0	0	0	0	1	1	1	0
GL	GRL	Greenland	71.7133649760	-42.2170304030	-704.493703	-1321.845122	752.775953	1333.570889	10.213139	10.213139	2	1	0	0	0	128	1	128	0
GM	GMB	Gambia	13.4424966460	-15.3242069130	-162.882270	-41.528784	162.820769	41.986014	1.130913	1.500000	0	0	0	0	0	1	1	1	0
GN	GIN	Guinea	9.9317979945	-11.3717864625	-404.984576	-304.041214	408.022789	305.791174	2.822942	2.822942	0	0	0	0	0	1	1	1	0
GP	GLP	Guadeloupe	16.1800397805	-61.3935440750	-43.155793	-37.019121	43.138533	37.034533	0.299633	1.500000	0	0	0	1	0	6	1	6	0
GQ	GNQ	Eq. Guinea	2.3486302725	9.8791947800	-161.754017	-158.312636	162.009691	158.371723	1.218017	1.500000	0	0	0	0	0	3	2	2	1
GR	GRC	Greece	38.2827424145	23.9331160820	-368.030526	-385.516173	385.143136	387.910557	2.974718	2.974718	0	0	0	0	0	74	1	74	0
GS	SGS	S. Geo. and the Is.	-54.4299455710	-36.9356583325	-75.242101	-51.194306	73.873122	50.591002	0.517761	1.500000	0	0	0	0	0	12	2	3	1
GT	GTM	Guatemala	15.7737118010	-90.2335965785	-216.623009	-227.077957	215.407678	227.220053	1.747300	1.747300	0	0	0	0	0	1	1	1	0
GU	GUM	Guam	13.4475772155	144.7881779305	-17.735176	-22.964745	17.723618	22.968425	0.176666	1.500000	0	0	0	0	0	1	1	1	0
GW	GNB	Guinea-Bissau	11.8035364825	-15.1945743050	-166.618350	-97.392222	166.538688	97.394511	1.156795	1.500000	0	0	0	0	0	13	1	13	0
GY	GUY	Guyana	4.8719151845	-58.9392659100	-271.776560	-409.804101	273.167207	409.918259	3.152778	3.152778	1	0	0	0	0	2	1	2	0
HK	HKG	Hong Kong	22.3705077175	114.1193139980	-29.024777	-21.509349	28.986488	21.510366	0.201428	1.500000	0	0	0	0	0	4	1	4	0
HM	HMD	Heard I. and McDonald Is.	-53.0770809875	73.5240991545	-19.286351	-12.840768	19.225368	12.816523	0.133721	1.500000	0	0	0	0	0	1	1	1	0
HN	HND	Honduras	15.1992119380	-86.2471178662	-335.558470	-246.626270	334.705486	248.111816	2.327305	2.327305	0	0	0	0	0	7	1	7	0
HR	HRV	Croatia	44.4816531405	16.4546568160	-230.115078	-227.567939	231.315206	229.647355	1.758520	1.758520	0	0	0	0	0	25	1	25	0
HT	HTI	Haiti	19.0578677430	-73.0641383500	-150.326612	-114.578879	149.626124	114.760722	1.041503	1.500000	0	0	0	0	0	5	1	5	0
HU	HUN	Hungary	47.1552881880	19.4858179120	-257.777936	-156.634950	252.531550	158.114818	1.771908	1.771908	0	0	0	0	0	1	1	1	0
ID	IDN	Indonesia	-2.5062598610	117.9951664595	-2532.234188	-936.852371	2535.375590	931.674943	17.595867	17.595867	3	1	0	0	0	264	1	264	0
IE	IRL	Ireland	53.4160423850	-8.2358495760	-152.965595	-217.890202	150.175260	219.403866	1.681900	1.681900	0	0	0	0	0	7	1	7	0
IL	ISR	Israel	31.4482065865	35.0682117035	-77.968353	-217.754727	76.509953	218.009530	1.676016	1.676016	0	0	0	0	0	1	1	1	0
IM	IMN	Isle of Man	54.2379824890	-4.5510351230	-15.604325	-20.127938	15.520256	20.145056	0.154896	1.500000	0	0	0	0	0	1	1	1	0
IN	IND	India	21.7857003815	82.7528277960	-1482.829371	-1512.431580	1430.546150	1529.151042	11.698395	11.698395	2	1	0	0	1	35	2	17	0
IO	IOT	Br. Indian Ocean Ter.	-6.3296037740	71.8778182300	-68.162625	-122.638147	68.034198	122.603311	0.943236	1.500000	0	0	0	0	0	10	1	10	0
IQ	IRQ	Iraq	33.2193171185	43.6668833785	-454.049045	-458.772536	471.308684	462.386738	3.542920	3.542920	1	0	0	0	0	1	1	1	0
IR	IRN	Iran	32.4154675815	53.6672457275	-829.588029	-790.504659	954.366709	852.073399	6.317608	6.317608	2	0	0	0	0	12	1	12	0
IS	ISL	Iceland	64.9804344745	-19.0214127270	-254.051066	-176.063342	258.195519	176.455890	1.778634	1.778634	0	0	0	0	0	5	1	5	0
IT	ITA	Italy	41.2872294135	12.5600771445	-467.312693	-644.430939	506.106707	644.496922	4.957415	4.957415	1	0	0	0	0	29	1	29	0
JE	JEY	Jersey	49.2191836605	-2.1251521475	-8.482618	-5.315993	8.488712	5.321194	0.058928	1.500000	0	0	0	0	0	1	1	1	0
JM	JAM	Jamaica	18.1141421570	-77.2813207670	-115.446534	-45.691137	115.677285	45.792425	0.802513	1.500000	0	0	0	0	0	1	1	1	0
JO	JOR	Jordan	31.2808178715	37.1206921309	-210.452109	-231.952799	204.188505	233.649526	1.790778	1.790778	0	0	0	0	0	1	1	1	0
JP	JPN	Japan	34.8886986350	134.3815617200	-1159.802175	-1127.968663	924.077076	1204.328179	8.970372	8.970372	2	1	0	0	0	109	3	97	2
KE	KEN	Kenya	0.1764358288	37.8877437745	-444.386686	-539.602486	443.560502	539.716725	4.151228	4.151228	1	0	0	0	0	2	1	2	0
KG	KGZ	Kyrgyzstan	41.2254692585	74.7419283445	-471.158788	-223.308213	454.914588	226.556263	3.215533	3.215533	1	0	0	0	0	1	1	1	0
KH	KHM	Cambodia	12.5601776125	104.9619700525	-286.299860	-238.384982	286.465491	239.825651	1.988769	1.988769	0	0	0	0	0	6	1	6	0
KI	KIR	Kiribati	3.2161929385	-158.7956233390	-179.645109	-167.437629	180.172808	167.710908	1.289033	1.500000	0	0	0	0	0	35	6	3	5
KM	COM	Comoros	-11.8707821595	43.8711450530	-71.630194	-56.736871	71.496107	56.604642	0.496966	1.500000	0	0	0	0	0	3	1	3	0
KN	KNA	St. Kitts and Nevis	17.2581851255	-62.6989233060	-17.208770	-17.525448	17.230473	17.534325	0.134845	1.500000	0	0	0	0	0	2	1	2	0
KP	PRK	North Korea	40.3429372185	127.4556388870	-277.082364	-294.387507	266.801021	299.397508	2.283789	2.283789	0	0	0	0	0	10	1	10	0
KR	KOR	South Korea	35.9109561220	128.2380696350	-317.762460	-299.871162	320.746178	301.693390	2.313710	2.313710	0	0	0	0	0	53	1	53	0
KW	KWT	Kuwait	29.3158602905	47.4826084885	-92.320147	-86.979089	92.815663	87.008545	0.669183	1.500000	0	0	0	0	0	4	1	4	0
KY	CYM	Cayman Is.	19.5107472260	-80.5715923565	-88.635061	-27.249174	88.433727	27.660792	0.614822	1.500000	0	0	0	0	0	3	1	3	0
KZ	KAZ	Kazakhstan	48.0096029665	66.9010374350	-1486.101778	-823.741905	1466.198838	826.799677	10.251044	10.251044	2	1	0	0	0	7	1	7	0
LA	LAO	Laos	18.2057503260	103.8807182210	-394.581982	-475.642034	405.944388	478.303440	3.669021	3.669021	1	0	0	0	0	1	1	1	0
LB	LBN	Lebanon	33.8715641275	35.8518605920	-70.070958	-90.616830	69.181568	90.825988	0.697857	1.500000	0	0	0	0	0	1	1	1	0
LC	LCA	Saint Lucia	13.9132754575	-60.9807429680	-10.555001	-22.084111	10.550396	22.084768	0.169880	1.500000	0	0	0	0	0	1	1	1	0
LI	LIE	Liechtenstein	47.1576007085	9.5458044840	-5.294966	-11.697644	5.291632	11.698044	0.089983	1.500000	0	0	0	0	0	1	1	1	0
LK	LKA	Sri Lanka	7.8766543645	80.7730412120	-122.539854	-217.140581	123.304866	217.186210	1.670488	1.670488	0	0	0	0	0	5	1	5	0
LR	LBR	Liberia	6.4563155140	-9.4301519405	-225.841139	-234.168710	226.429374	234.521191	1.802653	1.802653	0	0	0	0	0	1	1	1	0
LS	LSO	Lesotho	-29.6147803750	28.2190316165	-117.570452	-116.096316	117.947746	116.016092	0.892740	1.500000	0	0	0	0	0	1	1	1	0
LT	LTU	Lithuania	55.1647217815	23.8626444782	-186.003071	-141.966925	186.046809	142.540445	1.291840	1.500000	0	0	0	0	0	2	1	2	0
LU	LUX	Luxembourg	49.8081495165	6.1087532960	-28.217601	-40.778522	28.267944	40.794870	0.313744	1.500000	0	0	0	0	0	1	1	1	0
LV	LVA	Latvia	56.8710646575	24.5929362345	-223.736971	-132.054675	223.666094	134.078483	1.553483	1.553483	0	0	0	0	0	1	1	1	0
LY	LBY	Libya	26.3386745370	17.2214022180	-781.800129	-742.944248	811.064529	772.914580	5.830226	5.830226	1	0	0	0	0	1	1	1	0
MA	MAR	Morocco	28.6732451233	-9.0228713982	-827.797267	-789.237367	748.774339	811.219780	6.155604	6.155604	2	0	0	0	0	1	1	1	0
MC	MCO	Monaco	43.7407373155	7.4016021196	-2.881056	-2.531712	2.880063	2.531729	0.020004	1.500000	0	0	0	0	0	1	1	1	0
MD	MDA	Moldova	46.9739039105	28.3747327065	-130.053460	-168.121301	134.650308	168.433052	1.294440	1.500000	0	0	0	0	0	1	1	1	0
ME	MNE	Montenegro	42.7001240065	19.3943506265	-78.516714	-94.265621	78.304548	94.340431	0.725408	1.500000	0	0	0	0	0	1	1	1	0
MF	MAF	St-Martin	18.0777646172	-63.0787857740	-7.194046	-4.933002	7.195252	4.935144	0.049963	1.500000	0	0	0	0	0	1	1	1	0
MG	MDG	Madagascar	-18.7710914045	46.8634139335	-374.738279	-759.619917	390.523234	757.128645	5.833648	5.833648	1	0	0	0	0	3	1	3	0
MH	MHL	Marshall Is.	8.1423403995	168.6560164720	-367.477515	-396.740030	373.060821	398.435157	3.058366	3.058366	1	0	0	0	0	22	2	21	1
MK	MKD	North Macedonia	41.6098644010	21.7268697510	-106.737390	-84.278246	106.461717	84.700290	0.740275	1.500000	0	0	0	0	0	1	1	1	0
ML	MLI	Mali	17.5675593065	-4.0142463785	-886.332570	-822.948720	876.334144	827.171023	6.346614	6.346614	2	0	0	0	0	1	1	1	0
MM	MMR	Myanmar	19.1645913725	96.6744139000	-466.442274	-1040.650100	465.086355	1041.404957	8.007904	8.007904	2	1	0	0	0	39	1	39	0
MN	MNG	Mongolia	46.8578644820	103.8213678390	-1166.309672	-585.293465	1215.818343	596.690481	8.271278	8.271278	2	1	0	0	0	1	1	1	0
MO	MAC	Macao	22.1630720075	113.5536808605	-3.481576	-6.415788	3.483033	6.415869	0.049353	1.500000	0	0	0	0	0	2	1	2	0
MP	MNP	N. Mariana Is.	17.3330345725	145.3855086595	-50.353908	-358.256284	51.241406	358.325945	2.756085	2.756085	0	0	0	0	0	12	1	12	0
MQ	MTQ	Martinique	14.6425031600	-61.0196223625	-22.488862	-26.058329	22.525808	26.066802	0.200481	1.500000	0	0	0	1	0	1	1	1	0
MR	MRT	Mauritania	21.0099073285	-10.9513940020	-636.442315	-697.064911	617.709034	699.164820	5.370114	5.370114	1	0	0	0	0	5	1	5	0
MS	MSR	Montserrat	16.7473412130	-62.1853328115	-4.770718	-8.003826	4.771497	8.003982	0.061568	1.500000	0	0	0	0	0	1	1	1	0
MT	MLT	Malta	35.9384015970	14.3753768240	-17.237414	-15.243794	17.285300	15.260976	0.119871	1.500000	0	0	0	0	0	2	1	2	0
MU	MUS	Mauritius	-20.2483863265	57.5496118500	-25.647260	-29.907839	25.681771	29.906130	0.230054	1.500000	0	0	0	0	0	3	3	1	2
MV	MDV	Maldives	3.2093366555	73.2190047535	-59.049785	-433.344482	59.290628	433.352463	3.333450	3.333450	1	0	0	0	0	176	1	176	0
MW	MWI	Malawi	-13.2582852175	34.2838035485	-175.135390	-431.232810	174.153689	430.677094	3.315038	3.315038	1	0	0	0	0	3	1	3	0
MX	MEX	Mexico	23.6295579405	-102.5346979150	-1532.153722	-972.584609	1637.776870	1065.210144	11.006703	11.006703	2	1	0	0	0	51	3	51	0
MY	MYS	Malaysia	3.9892084790	101.9699582035	-256.909931	-302.149799	258.461893	302.533093	2.325703	2.325703	0	0	1	0	1	17	2	7	0
MZ	MOZ	Mozambique	-18.6646397875	35.5309188195	-571.154598	-913.641263	572.034187	903.902460	6.990553	6.990553	2	0	0	0	0	4	1	4	0
NA	NAM	Namibia	-22.9552127075	18.4887010055	-718.111755	-667.450745	717.049779	657.691700	5.096702	5.096702	1	0	0	0	0	1	1	1	0
NC	NCL	New Caledonia	-21.1471900370	165.8799748055	-237.130328	-170.268508	234.309110	167.745529	1.636942	1.636942	0	0	0	0	0	11	2	10	1
NE	NER	Niger	17.6065620930	8.0616315100	-850.688011	-651.686656	823.963912	661.408567	5.814764	5.814764	1	0	0	0	0	1	1	1	0
NF	NFK	Norfolk Island	-29.0387509095	167.9542342460	-4.095292	-4.587945	4.094737	4.587565	0.035290	1.500000	0	0	0	0	0	1	1	1	0
NG	NGA	Nigeria	9.0762265045	8.6705090735	-660.492077	-533.163416	652.029574	535.700185	4.557367	4.557367	1	0	0	0	0	3	1	3	0
NI	NIC	Nicaragua	12.8722257485	-85.2057592440	-268.749097	-239.689313	267.109200	240.744102	1.860619	1.860619	0	0	0	0	0	5	1	5	0
NL	NLD	Netherlands	52.1528205395	5.2739602870	-133.567685	-156.018275	128.400056	156.893299	1.203506	1.500000	0	0	0	0	0	12	3	9	2
NO	NOR	Norway	64.5792097025	17.8604028655	-718.719185	-680.832870	503.554348	755.228114	5.523311	5.523311	1	0	0	0	1	120	4	96	2
NP	NPL	Nepal	28.3803359985	84.0996775720	-396.092482	-222.243197	403.992407	228.942778	2.778073	2.778073	0	0	0	0	0	1	1	1	0
NR	NRU	Nauru	-0.5211320945	166.9326278005	-2.850339	-3.416027	2.850343	3.416026	0.026277	1.500000	0	0	0	0	0	1	1	1	0
NU	NIU	Niue	-19.0533993470	-169.8666682605	-8.801702	-9.936197	8.802679	9.935882	0.076431	1.500000	0	0	0	0	0	1	1	1	0
NZ	NZL	New Zealand	-43.3722824048	172.2263289720	-445.946727	-1028.892231	557.810736	1024.996262	7.899571	7.899571	2	0	0	0	0	26	5	23	2
OM	OMN	Oman	21.5141869160	55.9115946825	-413.501949	-538.985402	404.098618	541.625923	4.156197	4.156197	1	0	0	0	0	6	1	6	0
PA	PAN	Panama	8.4175038580	-80.1082580165	-323.987872	-134.665221	324.294308	134.787439	2.250980	2.250980	0	0	0	0	0	15	1	15	0
PE	PER	Peru	-9.1834194592	-75.0109050060	-701.318823	-1020.755251	686.712293	1016.829003	7.836863	7.836863	2	0	0	0	0	5	1	5	0
PF	PYF	Fr. Polynesia	-18.6518693990	-144.7399796215	-1046.971154	-527.574043	1001.216737	495.263989	7.111764	7.111764	2	0	0	0	1	88	4	80	1
PG	PNG	Papua New Guinea	-6.4913469380	148.4083754850	-834.171820	-575.329287	834.127149	571.782899	5.792705	5.792705	1	0	0	0	0	58	1	58	0
PH	PHL	Philippines	12.8890445005	121.7863061855	-532.419616	-913.729478	533.365721	914.725225	7.032518	7.032518	2	0	0	0	0	97	1	97	0
PK	PAK	Pakistan	30.3745044995	68.9466748455	-780.209998	-742.087963	736.479845	755.813390	5.761159	5.761159	1	0	0	0	0	2	1	2	0
PL	POL	Poland	51.9161687250	19.1335396725	-336.098600	-318.020606	351.340997	325.321846	2.474394	2.474394	0	0	0	0	0	1	1	1	0
PM	SPM	St. Pierre and Miquelon	46.9470075540	-56.2706803050	-9.559417	-21.597413	9.590586	21.603538	0.166158	1.500000	0	0	0	0	0	2	1	2	0
PN	PCN	Pitcairn Is.	-24.5007463525	-129.5216161775	-125.160667	-64.206177	124.700569	63.541034	0.867574	1.500000	0	0	0	0	0	4	2	3	1
PR	PRI	Puerto Rico	18.2228457700	-66.5912166005	-142.326087	-33.307263	142.152720	33.425616	0.987774	1.500000	0	0	0	0	0	4	1	4	0
PS	PSX	Palestine	31.8770445170	34.8864028482	-65.180833	-73.832921	64.532921	74.055581	0.568802	1.500000	0	0	0	0	0	2	1	2	0
PT	PRT	Portugal	39.5597587110	-7.8517069130	-142.635110	-288.399660	136.920698	288.464809	2.218709	2.218709	0	0	0	0	2	17	3	3	0
PW	PLW	Palau	5.5228299438	132.9292285599	-199.700944	-286.062375	197.996096	286.495655	2.202146	2.202146	0	0	0	0	0	9	1	9	0
PY	PRY	Paraguay	-23.4367853800	-58.4478230390	-432.437006	-462.860765	426.596529	461.221069	3.554161	3.554161	1	0	0	0	0	1	1	1	0
QA	QAT	Qatar	25.3599865755	51.1837671230	-43.463968	-88.960235	43.565339	88.969823	0.684346	1.500000	0	0	0	0	0	1	1	1	0
RE	REU	Réunion	-21.1161027970	55.5399682950	-32.645124	-28.325752	32.617156	28.316755	0.226605	1.500000	0	0	0	1	0	1	1	1	0
RO	ROU	Romania	45.9624411020	24.9711904265	-364.252954	-257.015733	370.467541	258.491891	2.551113	2.551113	0	0	0	0	0	1	1	1	0
RS	SRB	Serbia	44.2044100220	20.9147746175	-160.402117	-218.695594	167.827263	219.742766	1.686301	1.686301	0	0	0	0	0	1	1	1	0
RU	RUS	Russia	61.5256952784	108.9749455090	-4772.232794	-1841.797065	3294.844782	2780.037820	28.010686	28.010686	4	1	0	0	0	212	2	212	0
RW	RWA	Rwanda	-1.9427743530	29.8725224200	-112.785783	-98.309358	112.818915	98.294817	0.783350	1.500000	0	0	0	0	0	1	1	1	0
SA	SAU	Saudi Arabia	24.2461528555	45.1051646285	-1031.277080	-873.095501	1084.007306	887.876099	7.344737	7.344737	2	0	0	0	0	11	1	11	0
SB	SLB	Solomon Is.	-9.2228736310	159.1327824225	-399.705463	-291.943324	398.697262	290.647818	2.772232	2.772232	0	0	0	0	0	48	2	39	1
SC	SYC	Seychelles	-5.4918759090	54.5146590505	-195.666861	-189.407627	195.620662	188.997581	1.455405	1.500000	0	0	0	0	0	26	2	22	1
SD	SDN	Sudan	15.4543032835	30.2066502245	-909.830926	-744.157596	887.186167	753.040995	6.239643	6.239643	2	0	0	0	0	2	1	2	0
SE	SWE	Sweden	62.1895169100	17.6357892220	-374.275508	-751.889647	296.860190	763.669847	5.829075	5.829075	1	0	0	0	0	41	1	41	0
SG	SGP	Singapore	1.3564720720	103.8219100270	-20.178583	-10.248078	20.178152	10.248085	0.140128	1.500000	0	0	0	0	0	1	1	1	0
SH	SHN	Saint Helena	-15.9589169250	-5.7199600900	-7.437419	-6.316747	7.439142	6.315527	0.051655	1.500000	0	0	0	0	0	4	4	1	3
SI	SVN	Slovenia	46.1437995405	14.9402814125	-121.009068	-79.830524	120.541641	80.929042	0.838718	1.500000	0	0	0	0	0	1	1	1	0
SJ	NSV	Svalbard Is.	77.5587222350	22.0623885425	-247.816768	-354.764214	217.284555	357.357511	2.738930	2.738930	0	0	0	1	0	22	1	22	0
SK	SVK	Slovakia	48.6758930465	19.6920585530	-210.308115	-101.486775	207.374555	102.982201	1.450287	1.500000	0	0	0	0	0	1	1	1	0
SL	SLE	Sierra Leone	8.4577128125	-11.7916660190	-165.755529	-171.031984	165.999116	171.085022	1.315835	1.500000	0	0	0	0	0	2	1	2	0
SM	SMR	San Marino	43.9373111505	12.4390104995	-4.275275	-5.032158	4.272983	5.033105	0.038713	1.500000	0	0	0	0	0	1	1	1	0
SN	SEN	Senegal	14.4984959925	-14.4569085320	-331.043453	-242.819200	334.299015	243.888179	2.310217	2.310217	0	0	0	0	0	1	1	1	0
SO	SOM	Somalia	5.1464078265	46.1912115935	-581.125581	-759.160977	571.855260	762.835180	5.853831	5.853831	1	0	0	0	0	1	1	1	0
SR	SUR	Suriname	3.9225402705	-56.0270243285	-226.305082	-232.277319	226.177180	232.341954	1.786997	1.786997	0	0	0	0	0	1	1	1	0
SS	SDS	S. Sudan	7.8531781010	30.0211955160	-648.722371	-484.947760	653.841159	486.108651	4.522790	4.522790	1	0	0	0	0	1	1	1	0
ST	STP	São Tomé and Principe	0.8619448915	6.9622095060	-55.656617	-93.159578	55.633798	93.165199	0.716634	1.500000	0	0	0	0	0	2	1	2	0
SV	SLV	El Salvador	13.8020047030	-88.9039862620	-130.738274	-71.326772	131.093375	71.594331	0.909138	1.500000	0	0	0	0	0	3	1	3	0
SX	SXM	Sint Maarten	18.0406151390	-63.0682272281	-5.355725	-2.390815	5.356277	2.391648	0.037194	1.500000	0	0	0	0	0	1	1	1	0
SY	SYR	Syria	34.8189739990	39.0502923955	-307.919746	-276.304212	295.172676	283.097475	2.151545	2.151545	0	0	0	0	0	1	1	1	0
SZ	SWZ	eSwatini	-26.5261316935	31.4501522220	-66.414530	-87.962221	66.350990	87.857226	0.676229	1.500000	0	0	0	0	0	1	1	1	0
TC	TCA	Turks and Caicos Is.	21.6246605485	-71.8051041330	-69.895633	-37.196740	69.971901	37.214444	0.485651	1.500000	0	0	0	0	0	12	1	12	0
TD	TCD	Chad	15.4501433310	18.7167950845	-567.166103	-886.271677	563.581072	890.234890	6.832718	6.832718	2	0	0	0	0	1	1	1	0
TF	ATF	Fr. S. Antarctic Lands	-49.1441382795	69.5893253915	-71.950311	-64.387405	71.116133	63.924108	0.496758	1.500000	0	0	0	0	0	18	7	9	6
TG	TGO	Togo	8.6177354970	0.8081207685	-106.314496	-279.863573	107.701151	280.027920	2.153429	2.153429	0	0	0	0	0	1	1	1	0
TH	THA	Thailand	13.0374482220	101.5011993815	-437.850564	-823.083303	444.362990	823.683396	6.333718	6.333718	2	0	0	0	0	20	1	20	0
TJ	TJK	Tajikistan	38.8593087770	71.2534074300	-336.559390	-242.368624	345.334380	242.802377	2.367687	2.367687	0	0	0	0	0	3	1	3	0
TL	TLS	Timor-Leste	-8.8181257090	125.6716414725	-180.112243	-76.256158	180.567201	75.956893	1.252359	1.500000	0	0	0	0	0	3	1	3	0
TM	TKM	Turkmenistan	38.9659172570	59.5417261577	-588.668408	-421.589175	622.099127	425.688210	4.204054	4.204054	1	0	0	0	0	3	1	3	0
TN	TUN	Tunisia	33.7870531245	9.5219816490	-188.470913	-395.584853	191.581679	395.606628	3.043044	3.043044	1	0	0	0	0	4	1	4	0
TO	TON	Tonga	-20.4524878890	-175.0667821935	-118.558279	-210.158216	121.470186	209.360785	1.613535	1.613535	0	0	0	0	0	10	2	9	1
TR	TUR	Turkey	38.9592800940	35.2351260700	-811.770049	-348.656321	844.337326	378.404859	5.750373	5.750373	1	0	0	0	0	6	1	6	0
TT	TTO	Trinidad and Tobago	10.6965599630	-61.2253922195	-77.003532	-72.695601	76.683918	72.863359	0.559842	1.500000	0	0	0	0	0	2	1	2	0
TV	TUV	Tuvalu	-7.5490861960	178.0160018240	-209.227772	-208.578053	207.436034	207.677869	1.600984	1.600984	0	0	0	0	0	9	1	9	0
TW	TWN	Taiwan	23.5960147160	120.1424666680	-188.625038	-187.896608	187.737637	188.766507	1.448704	1.500000	0	0	0	0	0	8	1	8	0
TZ	TZA	Tanzania	-6.3585513310	34.8852118290	-616.311673	-597.560102	608.765096	595.767765	4.589723	4.589723	1	0	0	0	0	7	1	7	0
UA	UKR	Ukraine	48.7912588535	31.1461914470	-663.510044	-396.657698	653.082946	399.902599	4.571503	4.571503	1	0	0	0	0	4	1	4	0
UG	UGA	Uganda	1.3722429405	32.2774660640	-303.442052	-316.527368	303.256906	316.691362	2.435457	2.435457	0	0	0	0	0	1	1	1	0
UM	UMI	U.S. Minor Outlying Is.	6.1572533220	-162.2288915685	-18.926270	-32.008590	18.945799	32.014144	0.246241	1.500000	0	0	0	0	0	13	7	2	6
US	USA	United States of America	36.9560210200	-95.8559661185	-2365.519879	-1283.358443	2227.644440	1640.383124	15.948487	15.948487	3	1	0	0	2	344	7	149	4
UY	URY	Uruguay	-32.5351362070	-55.7750986370	-246.767494	-271.392608	249.195648	270.484952	2.084144	2.084144	0	0	0	0	0	1	1	1	0
UZ	UZB	Uzbekistan	41.3719331870	64.5622396235	-715.277611	-461.804747	721.058879	482.125814	4.987279	4.987279	1	0	0	0	0	3	1	3	0
VA	VAT	Vatican	41.9033333395	12.4533747620	-0.054678	-0.064649	0.054678	0.064649	0.000497	1.500000	0	0	0	0	0	1	1	1	0
VC	VCT	St. Vin. and Gren.	12.9829572615	-61.2918798490	-18.225983	-44.229223	18.173593	44.236910	0.340254	1.500000	0	0	0	0	0	5	1	5	0
VE	VEN	Venezuela	6.4241177400	-66.6033717450	-744.869830	-641.762769	746.525378	643.374081	5.178456	5.178456	1	0	0	0	0	29	2	28	1
VG	VGB	British Virgin Is.	18.5404523785	-64.5223689445	-26.542765	-22.882152	26.502595	22.894802	0.184185	1.500000	0	0	0	0	0	6	1	6	0
VI	VIR	U.S. Virgin Is.	18.0346823160	-64.8004451905	-25.439987	-39.128733	25.527243	39.137698	0.301025	1.500000	0	0	0	0	0	3	1	3	0
VN	VNM	Vietnam	15.9659268225	105.7955389775	-378.518596	-822.103257	399.002216	822.379087	6.324932	6.324932	2	0	0	0	0	25	1	25	0
VU	VUT	Vanuatu	-16.6589901670	168.2097274095	-183.051703	-400.303933	176.362951	398.849361	3.073667	3.073667	1	0	0	0	0	27	1	27	0
WF	WLF	Wallis and Futuna Is.	-13.7641740865	-177.1556697260	-111.014542	-61.946860	111.482435	61.518969	0.772559	1.500000	0	0	0	0	0	2	1	2	0
WS	WSM	Samoa	-13.7578264300	-172.1101374995	-72.700036	-32.896188	72.549206	32.788233	0.504338	1.500000	0	0	0	0	0	2	1	2	0
XK	KOS	Kosovo	42.5535406500	20.8987549230	-71.394070	-78.872752	71.481313	78.900978	0.606822	1.500000	0	0	0	0	0	1	1	1	0
YE	YEM	Yemen	15.7968433670	47.8180444670	-565.253109	-351.968134	561.466538	360.183475	3.912221	3.912221	1	0	0	0	1	9	2	5	0
YT	MYT	Mayotte	-12.8182105450	45.1666772795	-13.471138	-19.012358	13.467115	19.010898	0.146243	1.500000	0	0	0	1	0	2	1	2	0
ZA	ZAF	South Africa	-28.4742029795	24.6815291675	-800.362849	-714.243489	813.607110	695.376123	5.604062	5.604062	1	0	0	0	0	3	2	1	1
ZM	ZMB	Zambia	-13.1316779575	27.8270400390	-633.191137	-549.152783	638.974718	547.165533	4.417243	4.417243	1	0	0	0	0	1	1	1	0
ZW	ZWE	Zimbabwe	-19.0060739140	29.1310689700	-413.869611	-378.456554	412.929860	376.891590	2.905185	2.905185	0	0	0	0	0	1	1	1	0
