code	label	corner	x	y	w	h	group_parts	group_area_km2	anchor_km	lat0	lon0	scale_km_per_pt	level	clearance_pt
EC	Galápagos	BottomRight	240	232	80	60	12	7736	5.11	0.131374	-90.633188	7.7485	2	53.50
ES	Canary Islands	BottomRight	240	232	80	60	8	7446	20.27	28.465847	-15.792511	6.4459	2	48.72
FR	French Guiana	TopLeft	8	8	60	44	1	83552	0.00	3.927719	-53.132165	14.4309	3	14.99
FR	Guadeloupe & Martinique	TopRight	260	8	60	44	7	2764	31.92	15.460598	-61.304128	8.3579	2	20.30
FR	Réunion	BottomLeft	8	248	60	44	1	2590	0.00	-21.116103	55.539968	2.0229	0	17.35
IN	Andaman & Nicobar	BottomRight	240	232	80	60	18	7135	41.62	10.212897	93.254039	17.5214	3	76.54
MY	Sabah & Sarawak	TopRight	240	8	80	60	10	197359	0.00	4.103575	114.403261	16.4319	3	26.55
NO	Svalbard	TopLeft	8	8	80	60	22	61559	0.00	77.558722	22.062389	16.1846	3	61.08
PF	Marquesas	TopRight	240	8	80	60	7	1079	47.52	-9.250299	-139.674001	6.5716	2	21.44
PT	Azores	TopLeft	10	24	92	52	9	2606	29.89	38.331326	-28.148549	8.6148	2	24.81
PT	Madeira	TopLeft	10	84	52	40	5	812	0.00	31.570014	-16.553538	14.2727	3	55.24
US	Alaska	BottomLeft	8	236	84	56	179	1495711	0.00	61.313951	-158.756581	51.1308	4	35.35
US	Hawaii	BottomLeft	98	258	60	32	10	16892	35.76	21.242724	-159.761275	32.6422	4	19.54
YE	Socotra	BottomRight	240	232	80	60	4	3830	0.00	12.412897	53.302206	3.7349	1	55.24
