case	lat0	lon0	r_m	lat	lon	pyproj_x_m	pyproj_y_m	d3_x_m	d3_y_m
snyder_pp1395_p332	40.0000000000	-100.0000000000	3	-20.0000000000	100.0000000000	-4.233930319	4.025777493	-4.233930319	4.025777493
PRT_centre	39.5597587110	-7.8517069130	6371007.2	39.5597587110	-7.8517069130	0.000000000	0.000000000	0.000000000	0.000000000
PRT_bbox_sw	39.5597587110	-7.8517069130	6371007.2	36.9658877620	-9.4974666010	-146242.760793289	-287081.559987992	-146242.760793289	-287081.559987992
PRT_bbox_se	39.5597587110	-7.8517069130	6371007.2	36.9658877620	-6.2059472250	146242.760793289	-287081.559987992	146242.760793289	-287081.559987992
PRT_bbox_nw	39.5597587110	-7.8517069130	6371007.2	42.1536296600	-9.4974666010	-135691.036119684	289659.230635246	-135691.036119684	289659.230635245
PRT_bbox_ne	39.5597587110	-7.8517069130	6371007.2	42.1536296600	-6.2059472250	135691.036119684	289659.230635246	135691.036119684	289659.230635245
PRT_d60_north	39.5597587110	-7.8517069130	6371007.2	80.4402412890	172.1482930870	-0.000000000	6371007.200000000	-0.000000001	6371007.200000000
PRT_d90_east	39.5597587110	-7.8517069130	6371007.2	0.0000000000	82.1482930870	9009964.788216639	-0.000000000	9009964.788216639	-0.000000000
PRT_north_pole	39.5597587110	-7.8517069130	6371007.2	90.0000000000	0.0000000000	0.000000000	5429334.298030110	0.000000000	5429334.298030110
USA_centre	36.9560210200	-95.8559661185	6371007.2	36.9560210200	-95.8559661185	0.000000000	0.000000000	0.000000000	0.000000000
USA_bbox_sw	36.9560210200	-95.8559661185	6371007.2	24.5425479190	-124.7346072380	-2882102.245242743	-964086.443332788	-2882102.245242743	-964086.443332788
USA_bbox_se	36.9560210200	-95.8559661185	6371007.2	24.5425479190	-66.9773249990	2882102.245242744	-964086.443332787	2882102.245242744	-964086.443332787
USA_bbox_nw	36.9560210200	-95.8559661185	6371007.2	49.3694941210	-124.7346072380	-2049257.730357893	1717967.291117413	-2049257.730357893	1717967.291117413
USA_bbox_ne	36.9560210200	-95.8559661185	6371007.2	49.3694941210	-66.9773249990	2049257.730357894	1717967.291117414	2049257.730357894	1717967.291117413
USA_d60_north	36.9560210200	-95.8559661185	6371007.2	83.0439789800	84.1440338815	0.000000000	6371007.199999999	0.000000000	6371007.199999999
USA_d90_east	36.9560210200	-95.8559661185	6371007.2	0.0000000000	-5.8559661185	9009964.788216639	0.000000001	9009964.788216639	0.000000001
USA_north_pole	36.9560210200	-95.8559661185	6371007.2	90.0000000000	0.0000000000	0.000000000	5689834.989339924	0.000000000	5689834.989339924
RUS_centre	61.5256952950	108.9749455090	6371007.2	61.5256952950	108.9749455090	0.000000000	0.000000000	0.000000000	0.000000000
RUS_bbox_sw	61.5256952950	108.9749455090	6371007.2	41.1926805620	19.6095483730	-5388600.769425387	2196164.158832888	-5388600.769425389	2196164.158832889
RUS_bbox_se	61.5256952950	108.9749455090	6371007.2	41.1926805620	-168.9946182930	5261362.386653911	1569327.617424805	5261362.386653911	1569327.617424805
RUS_bbox_nw	61.5256952950	108.9749455090	6371007.2	81.8587100280	19.6095483730	-932775.340759399	3099772.696427138	-932775.340759399	3099772.696427138
RUS_bbox_ne	61.5256952950	108.9749455090	6371007.2	81.8587100280	-168.9946182930	921703.926778354	2988294.861535028	921703.926778354	2988294.861535028
RUS_d60_north	61.5256952950	108.9749455090	6371007.2	58.4743047050	-71.0250544910	-0.000000000	6371007.199999999	-0.000000000	6371007.199999999
RUS_d90_east	61.5256952950	108.9749455090	6371007.2	0.0000000000	-161.0250544910	9009964.788216639	-0.000000000	9009964.788216639	-0.000000000
RUS_north_pole	61.5256952950	108.9749455090	6371007.2	90.0000000000	0.0000000000	-0.000000000	3133719.449008903	-0.000000000	3133719.449008903
RUS_antimeridian_w	61.5256952950	108.9749455090	6371007.2	61.5256952950	179.9990000000	2989320.560595376	1875156.470743303	2989320.560595376	1875156.470743303
RUS_antimeridian_e	61.5256952950	108.9749455090	6371007.2	61.5256952950	-179.9990000000	2989362.512626784	1875252.005352627	2989362.512626784	1875252.005352627
FJI_centre	-18.3965389955	179.4388940765	6371007.2	-18.3965389955	179.4388940765	0.000000000	0.000000000	0.000000000	0.000000000
FJI_bbox_sw	-18.3965389955	179.4388940765	6371007.2	-20.6718075500	177.0939233730	-243986.900639248	-254604.966742135	-243986.900639248	-254604.966742135
FJI_bbox_se	-18.3965389955	179.4388940765	6371007.2	-20.6718075500	-178.2161352200	243986.900639253	-254604.966742135	243986.900639253	-254604.966742135
FJI_bbox_nw	-18.3965389955	179.4388940765	6371007.2	-16.1212704410	177.0939233730	-250522.755928426	251412.147223977	-250522.755928426	251412.147223977
FJI_bbox_ne	-18.3965389955	179.4388940765	6371007.2	-16.1212704410	-178.2161352200	250522.755928431	251412.147223977	250522.755928431	251412.147223977
FJI_d60_north	-18.3965389955	179.4388940765	6371007.2	41.6034610045	179.4388940765	0.000000000	6371007.199999999	0.000000000	6371007.199999999
FJI_d90_east	-18.3965389955	179.4388940765	6371007.2	0.0000000000	-90.5611059235	9009964.788216639	0.000000000	9009964.788216639	0.000000000
FJI_north_pole	-18.3965389955	179.4388940765	6371007.2	90.0000000000	0.0000000000	-0.000000000	10334361.737208759	-0.000000000	10334361.737208758
FJI_antimeridian_w	-18.3965389955	179.4388940765	6371007.2	-18.3965389955	179.9990000000	59097.835738233	-91.162908205	59097.835738233	-91.162908205
FJI_antimeridian_e	-18.3965389955	179.4388940765	6371007.2	-18.3965389955	-179.9990000000	59308.857327960	-91.815112878	59308.857327960	-91.815112878
