code	fit_merged
AD	0.1020
AE	1.6895
AF	4.5225
AG	0.3402
AI	0.1849
AL	1.2910
AM	1.0355
AO	5.8209
AQ	19.5409
AR	14.1754
AS	0.9987
AT	1.9834
AU	14.8031
AW	0.0917
AX	0.3027
AZ	1.7300
BA	1.1654
BB	0.1255
BD	2.5163
BE	0.9420
BF	2.9966
BG	1.7688
BH	0.3026
BI	0.9238
BJ	2.6449
BL	0.0278
BM	0.0778
BN	0.5242
BO	5.6637
BR	16.5832
BS	2.5678
BT	1.1533
BW	3.9157
BY	2.2272
BZ	1.1165
CA	18.7338
CD	8.0702
CF	5.0137
CG	3.7329
CH	1.2012
CI	2.7279
CK	1.3288
CL	16.3669
CM	4.8819
CN	16.7438
CO	7.1373
CR	1.3580
CU	3.8955
CV	1.0240
CW	0.1630
CY	0.5778
CZ	1.6805
DE	3.3395
DJ	0.7603
DK	1.5486
DM	0.1848
DO	1.3469
DZ	7.7815
EC	2.7564
EE	1.2667
EG	4.2668
EH	2.9809
ER	2.5103
ES	3.9417
ET	5.7275
FI	4.3747
FJ	1.9495
FK	0.8574
FM	0.5153
FO	0.4299
FR	4.0596
GA	2.6766
GB	4.6705
GD	0.2254
GE	1.9140
GG	0.1369
GH	2.7476
GI	0.0131
GL	10.2131
GM	1.1309
GN	2.8229
GQ	1.2180
GR	2.9747
GS	0.5178
GT	1.7473
GU	0.1767
GW	1.1568
GY	3.1528
HK	0.2014
HM	0.1337
HN	2.3273
HR	1.7585
HT	1.0415
HU	1.7719
ID	17.5959
IE	1.6819
IL	1.6760
IM	0.1549
IN	11.6984
IO	0.9432
IQ	3.5429
IR	6.3176
IS	1.7786
IT	4.9574
JE	0.0589
JM	0.8025
JO	1.7908
JP	8.9704
KE	4.1512
KG	3.2155
KH	1.9888
KI	1.2890
KM	0.4970
KN	0.1348
KP	2.2838
KR	2.3137
KW	0.6692
KY	0.6148
KZ	10.2510
LA	3.6690
LB	0.6979
LC	0.1699
LI	0.0900
LK	1.6705
LR	1.8027
LS	0.8927
LT	1.2918
LU	0.3137
LV	1.5535
LY	5.8302
MA	6.1556
MC	0.0200
MD	1.2944
ME	0.7254
MF	0.0500
MG	5.8336
MH	3.0584
MK	0.7403
ML	6.3466
MM	8.0079
MN	8.2713
MO	0.0494
MP	2.7561
MR	5.3701
MS	0.0616
MT	0.1199
MU	0.2301
MV	3.3334
MW	3.3150
MX	11.0067
MY	3.7544
MZ	6.9906
NA	5.0967
NC	1.6369
NE	5.8148
NF	0.0353
NG	4.5574
NI	1.8606
NL	1.2035
NO	5.5233
NP	2.7781
NR	0.0263
NU	0.0764
NZ	7.8996
OM	4.1562
PA	2.2510
PE	7.8369
PF	7.1118
PG	5.7927
PH	7.0325
PK	5.7612
PL	2.4744
PM	0.1662
PN	0.8676
PR	0.9878
PS	0.5688
PT	2.2187
PW	2.2021
PY	3.5542
QA	0.6843
RO	2.5511
RS	1.6863
RU	28.0107
RW	0.7833
SA	7.3447
SB	2.7722
SC	1.4554
SD	6.2396
SE	5.8291
SG	0.1401
SH	0.0517
SI	0.8387
SK	1.4503
SL	1.3158
SM	0.0387
SN	2.3102
SO	5.8538
SR	1.7870
SS	4.5228
ST	0.7166
SV	0.9091
SX	0.0372
SY	2.1515
SZ	0.6762
TC	0.4857
TD	6.8327
TF	0.4968
TG	2.1534
TH	6.3337
TJ	2.3677
TL	1.2524
TM	4.2041
TN	3.0430
TO	1.6135
TR	5.7504
TT	0.5598
TV	1.6010
TW	1.4487
TZ	4.5897
UA	4.5715
UG	2.4355
UM	0.2462
US	15.9485
UY	2.0841
UZ	4.9873
VA	0.0005
VC	0.3403
VE	5.1785
VG	0.1842
VI	0.3010
VN	6.3249
VU	3.0737
WF	0.7726
WS	0.5043
XK	0.6068
YE	3.9122
ZA	5.6041
ZM	4.4172
ZW	2.9052
